,urls
0,https://www.wildberries.ru/catalog/17207144/detail.aspx
1,https://www.wildberries.ru/catalog/2715912/detail.aspx
2,https://www.wildberries.ru/catalog/2748616/detail.aspx
3,https://www.wildberries.ru/catalog/17419915/detail.aspx
4,https://www.wildberries.ru/catalog/8944425/detail.aspx
5,https://www.wildberries.ru/catalog/7072741/detail.aspx
6,https://www.wildberries.ru/catalog/2889126/detail.aspx
7,https://www.wildberries.ru/catalog/38643066/detail.aspx
8,https://www.wildberries.ru/catalog/16124850/detail.aspx
9,https://www.wildberries.ru/catalog/15610607/detail.aspx
10,https://www.wildberries.ru/catalog/66540406/detail.aspx
11,https://www.wildberries.ru/catalog/25704590/detail.aspx
12,https://www.wildberries.ru/catalog/16434374/detail.aspx
13,https://www.wildberries.ru/catalog/2715906/detail.aspx
14,https://www.wildberries.ru/catalog/13188106/detail.aspx
15,https://www.wildberries.ru/catalog/33583406/detail.aspx
16,https://www.wildberries.ru/catalog/22269949/detail.aspx
17,https://www.wildberries.ru/catalog/8073104/detail.aspx
18,https://www.wildberries.ru/catalog/6808560/detail.aspx
19,https://www.wildberries.ru/catalog/4161250/detail.aspx
20,https://www.wildberries.ru/catalog/10079509/detail.aspx
21,https://www.wildberries.ru/catalog/16601791/detail.aspx
22,https://www.wildberries.ru/catalog/6566164/detail.aspx
23,https://www.wildberries.ru/catalog/8013845/detail.aspx
24,https://www.wildberries.ru/catalog/2715909/detail.aspx
25,https://www.wildberries.ru/catalog/7718641/detail.aspx
26,https://www.wildberries.ru/catalog/14027088/detail.aspx
27,https://www.wildberries.ru/catalog/33528683/detail.aspx
28,https://www.wildberries.ru/catalog/13720759/detail.aspx
29,https://www.wildberries.ru/catalog/36811729/detail.aspx
30,https://www.wildberries.ru/catalog/19309819/detail.aspx
31,https://www.wildberries.ru/catalog/19309820/detail.aspx
32,https://www.wildberries.ru/catalog/24705852/detail.aspx
33,https://www.wildberries.ru/catalog/6808143/detail.aspx
34,https://www.wildberries.ru/catalog/17324438/detail.aspx
35,https://www.wildberries.ru/catalog/10950683/detail.aspx
36,https://www.wildberries.ru/catalog/3338670/detail.aspx
37,https://www.wildberries.ru/catalog/6094105/detail.aspx
38,https://www.wildberries.ru/catalog/17168309/detail.aspx
39,https://www.wildberries.ru/catalog/76876945/detail.aspx
40,https://www.wildberries.ru/catalog/7820084/detail.aspx
41,https://www.wildberries.ru/catalog/8204799/detail.aspx
42,https://www.wildberries.ru/catalog/5643098/detail.aspx
43,https://www.wildberries.ru/catalog/11916535/detail.aspx
44,https://www.wildberries.ru/catalog/24721429/detail.aspx
45,https://www.wildberries.ru/catalog/2820534/detail.aspx
46,https://www.wildberries.ru/catalog/7414010/detail.aspx
47,https://www.wildberries.ru/catalog/8274624/detail.aspx
48,https://www.wildberries.ru/catalog/4456408/detail.aspx
49,https://www.wildberries.ru/catalog/38689881/detail.aspx
50,https://www.wildberries.ru/catalog/17719989/detail.aspx
51,https://www.wildberries.ru/catalog/53192675/detail.aspx
52,https://www.wildberries.ru/catalog/18887133/detail.aspx
53,https://www.wildberries.ru/catalog/3849802/detail.aspx
54,https://www.wildberries.ru/catalog/7111899/detail.aspx
55,https://www.wildberries.ru/catalog/10863410/detail.aspx
56,https://www.wildberries.ru/catalog/119447120/detail.aspx
57,https://www.wildberries.ru/catalog/45352520/detail.aspx
58,https://www.wildberries.ru/catalog/9878529/detail.aspx
59,https://www.wildberries.ru/catalog/3559855/detail.aspx
60,https://www.wildberries.ru/catalog/7519125/detail.aspx
61,https://www.wildberries.ru/catalog/10431825/detail.aspx
62,https://www.wildberries.ru/catalog/9307629/detail.aspx
63,https://www.wildberries.ru/catalog/9184023/detail.aspx
64,https://www.wildberries.ru/catalog/7031974/detail.aspx
65,https://www.wildberries.ru/catalog/9565286/detail.aspx
66,https://www.wildberries.ru/catalog/34285874/detail.aspx
67,https://www.wildberries.ru/catalog/8309009/detail.aspx
68,https://www.wildberries.ru/catalog/7519126/detail.aspx
69,https://www.wildberries.ru/catalog/12012775/detail.aspx
70,https://www.wildberries.ru/catalog/38008691/detail.aspx
71,https://www.wildberries.ru/catalog/13720760/detail.aspx
72,https://www.wildberries.ru/catalog/5167335/detail.aspx
73,https://www.wildberries.ru/catalog/33291375/detail.aspx
74,https://www.wildberries.ru/catalog/83272274/detail.aspx
75,https://www.wildberries.ru/catalog/35408219/detail.aspx
76,https://www.wildberries.ru/catalog/7072742/detail.aspx
77,https://www.wildberries.ru/catalog/11776009/detail.aspx
78,https://www.wildberries.ru/catalog/4812456/detail.aspx
79,https://www.wildberries.ru/catalog/8274623/detail.aspx
80,https://www.wildberries.ru/catalog/8924064/detail.aspx
81,https://www.wildberries.ru/catalog/9923773/detail.aspx
82,https://www.wildberries.ru/catalog/67950722/detail.aspx
83,https://www.wildberries.ru/catalog/17248891/detail.aspx
84,https://www.wildberries.ru/catalog/8274626/detail.aspx
85,https://www.wildberries.ru/catalog/49180824/detail.aspx
86,https://www.wildberries.ru/catalog/19559776/detail.aspx
87,https://www.wildberries.ru/catalog/9565285/detail.aspx
88,https://www.wildberries.ru/catalog/10938589/detail.aspx
89,https://www.wildberries.ru/catalog/4737635/detail.aspx
90,https://www.wildberries.ru/catalog/8924063/detail.aspx
91,https://www.wildberries.ru/catalog/19456059/detail.aspx
92,https://www.wildberries.ru/catalog/33179421/detail.aspx
93,https://www.wildberries.ru/catalog/6467875/detail.aspx
94,https://www.wildberries.ru/catalog/19456058/detail.aspx
95,https://www.wildberries.ru/catalog/17365708/detail.aspx
96,https://www.wildberries.ru/catalog/8274625/detail.aspx
97,https://www.wildberries.ru/catalog/96379346/detail.aspx
98,https://www.wildberries.ru/catalog/8204795/detail.aspx
99,https://www.wildberries.ru/catalog/3821559/detail.aspx
100,https://www.wildberries.ru/catalog/7655507/detail.aspx
101,https://www.wildberries.ru/catalog/10007461/detail.aspx
102,https://www.wildberries.ru/catalog/11643839/detail.aspx
103,https://www.wildberries.ru/catalog/6468984/detail.aspx
104,https://www.wildberries.ru/catalog/16846044/detail.aspx
105,https://www.wildberries.ru/catalog/8458939/detail.aspx
106,https://www.wildberries.ru/catalog/46051569/detail.aspx
107,https://www.wildberries.ru/catalog/85450035/detail.aspx
108,https://www.wildberries.ru/catalog/17104887/detail.aspx
109,https://www.wildberries.ru/catalog/5249558/detail.aspx
110,https://www.wildberries.ru/catalog/11916534/detail.aspx
111,https://www.wildberries.ru/catalog/29498090/detail.aspx
112,https://www.wildberries.ru/catalog/8073103/detail.aspx
113,https://www.wildberries.ru/catalog/19349114/detail.aspx
114,https://www.wildberries.ru/catalog/7072818/detail.aspx
115,https://www.wildberries.ru/catalog/18737787/detail.aspx
116,https://www.wildberries.ru/catalog/63217541/detail.aspx
117,https://www.wildberries.ru/catalog/31952294/detail.aspx
118,https://www.wildberries.ru/catalog/16844710/detail.aspx
119,https://www.wildberries.ru/catalog/8204798/detail.aspx
120,https://www.wildberries.ru/catalog/34835639/detail.aspx
121,https://www.wildberries.ru/catalog/30360935/detail.aspx
122,https://www.wildberries.ru/catalog/31935786/detail.aspx
123,https://www.wildberries.ru/catalog/19349115/detail.aspx
124,https://www.wildberries.ru/catalog/6855506/detail.aspx
125,https://www.wildberries.ru/catalog/38945452/detail.aspx
126,https://www.wildberries.ru/catalog/29298564/detail.aspx
127,https://www.wildberries.ru/catalog/8944424/detail.aspx
128,https://www.wildberries.ru/catalog/3900840/detail.aspx
129,https://www.wildberries.ru/catalog/8274119/detail.aspx
130,https://www.wildberries.ru/catalog/2715910/detail.aspx
131,https://www.wildberries.ru/catalog/11311030/detail.aspx
132,https://www.wildberries.ru/catalog/32730454/detail.aspx
133,https://www.wildberries.ru/catalog/57210269/detail.aspx
134,https://www.wildberries.ru/catalog/33223080/detail.aspx
135,https://www.wildberries.ru/catalog/11105754/detail.aspx
136,https://www.wildberries.ru/catalog/33559079/detail.aspx
137,https://www.wildberries.ru/catalog/12012774/detail.aspx
138,https://www.wildberries.ru/catalog/30368033/detail.aspx
139,https://www.wildberries.ru/catalog/12434647/detail.aspx
140,https://www.wildberries.ru/catalog/94338868/detail.aspx
141,https://www.wildberries.ru/catalog/8013940/detail.aspx
142,https://www.wildberries.ru/catalog/15434994/detail.aspx
143,https://www.wildberries.ru/catalog/30862810/detail.aspx
144,https://www.wildberries.ru/catalog/27816079/detail.aspx
145,https://www.wildberries.ru/catalog/43751417/detail.aspx
146,https://www.wildberries.ru/catalog/16767347/detail.aspx
147,https://www.wildberries.ru/catalog/25996106/detail.aspx
148,https://www.wildberries.ru/catalog/34347708/detail.aspx
149,https://www.wildberries.ru/catalog/11689455/detail.aspx
150,https://www.wildberries.ru/catalog/36278186/detail.aspx
151,https://www.wildberries.ru/catalog/19309818/detail.aspx
152,https://www.wildberries.ru/catalog/26632012/detail.aspx
153,https://www.wildberries.ru/catalog/33713652/detail.aspx
154,https://www.wildberries.ru/catalog/15470903/detail.aspx
155,https://www.wildberries.ru/catalog/9565287/detail.aspx
156,https://www.wildberries.ru/catalog/10163164/detail.aspx
157,https://www.wildberries.ru/catalog/38779255/detail.aspx
158,https://www.wildberries.ru/catalog/15398526/detail.aspx
159,https://www.wildberries.ru/catalog/8204796/detail.aspx
160,https://www.wildberries.ru/catalog/39860943/detail.aspx
161,https://www.wildberries.ru/catalog/37979268/detail.aspx
162,https://www.wildberries.ru/catalog/41227919/detail.aspx
163,https://www.wildberries.ru/catalog/33720629/detail.aspx
164,https://www.wildberries.ru/catalog/61958819/detail.aspx
165,https://www.wildberries.ru/catalog/30729672/detail.aspx
166,https://www.wildberries.ru/catalog/12846649/detail.aspx
167,https://www.wildberries.ru/catalog/40759386/detail.aspx
168,https://www.wildberries.ru/catalog/10411515/detail.aspx
169,https://www.wildberries.ru/catalog/29475821/detail.aspx
170,https://www.wildberries.ru/catalog/18883793/detail.aspx
171,https://www.wildberries.ru/catalog/8659260/detail.aspx
172,https://www.wildberries.ru/catalog/77902581/detail.aspx
173,https://www.wildberries.ru/catalog/11775980/detail.aspx
174,https://www.wildberries.ru/catalog/138065374/detail.aspx
175,https://www.wildberries.ru/catalog/8274118/detail.aspx
176,https://www.wildberries.ru/catalog/28891463/detail.aspx
177,https://www.wildberries.ru/catalog/39233769/detail.aspx
178,https://www.wildberries.ru/catalog/9651931/detail.aspx
179,https://www.wildberries.ru/catalog/36120977/detail.aspx
180,https://www.wildberries.ru/catalog/15635373/detail.aspx
181,https://www.wildberries.ru/catalog/16526314/detail.aspx
182,https://www.wildberries.ru/catalog/34844017/detail.aspx
183,https://www.wildberries.ru/catalog/33321513/detail.aspx
184,https://www.wildberries.ru/catalog/97493093/detail.aspx
185,https://www.wildberries.ru/catalog/34765106/detail.aspx
186,https://www.wildberries.ru/catalog/22268557/detail.aspx
187,https://www.wildberries.ru/catalog/18383104/detail.aspx
188,https://www.wildberries.ru/catalog/38643956/detail.aspx
189,https://www.wildberries.ru/catalog/18496036/detail.aspx
190,https://www.wildberries.ru/catalog/7718593/detail.aspx
191,https://www.wildberries.ru/catalog/16980267/detail.aspx
192,https://www.wildberries.ru/catalog/66101691/detail.aspx
193,https://www.wildberries.ru/catalog/5115519/detail.aspx
194,https://www.wildberries.ru/catalog/3931286/detail.aspx
195,https://www.wildberries.ru/catalog/17826670/detail.aspx
196,https://www.wildberries.ru/catalog/31933216/detail.aspx
197,https://www.wildberries.ru/catalog/39871494/detail.aspx
198,https://www.wildberries.ru/catalog/67127532/detail.aspx
199,https://www.wildberries.ru/catalog/35405384/detail.aspx
200,https://www.wildberries.ru/catalog/50021390/detail.aspx
201,https://www.wildberries.ru/catalog/67013071/detail.aspx
202,https://www.wildberries.ru/catalog/35415122/detail.aspx
203,https://www.wildberries.ru/catalog/10859056/detail.aspx
204,https://www.wildberries.ru/catalog/33543726/detail.aspx
205,https://www.wildberries.ru/catalog/33208250/detail.aspx
206,https://www.wildberries.ru/catalog/19203388/detail.aspx
207,https://www.wildberries.ru/catalog/18383103/detail.aspx
208,https://www.wildberries.ru/catalog/8309010/detail.aspx
209,https://www.wildberries.ru/catalog/50843629/detail.aspx
210,https://www.wildberries.ru/catalog/2715908/detail.aspx
211,https://www.wildberries.ru/catalog/22355720/detail.aspx
212,https://www.wildberries.ru/catalog/10163165/detail.aspx
213,https://www.wildberries.ru/catalog/38299482/detail.aspx
214,https://www.wildberries.ru/catalog/16511013/detail.aspx
215,https://www.wildberries.ru/catalog/53465684/detail.aspx
216,https://www.wildberries.ru/catalog/19289362/detail.aspx
217,https://www.wildberries.ru/catalog/39329680/detail.aspx
218,https://www.wildberries.ru/catalog/32669338/detail.aspx
219,https://www.wildberries.ru/catalog/36378902/detail.aspx
220,https://www.wildberries.ru/catalog/50472406/detail.aspx
221,https://www.wildberries.ru/catalog/34333459/detail.aspx
222,https://www.wildberries.ru/catalog/76877058/detail.aspx
223,https://www.wildberries.ru/catalog/11842188/detail.aspx
224,https://www.wildberries.ru/catalog/48841169/detail.aspx
225,https://www.wildberries.ru/catalog/25653149/detail.aspx
226,https://www.wildberries.ru/catalog/94338867/detail.aspx
227,https://www.wildberries.ru/catalog/50228591/detail.aspx
228,https://www.wildberries.ru/catalog/15501908/detail.aspx
229,https://www.wildberries.ru/catalog/24705857/detail.aspx
230,https://www.wildberries.ru/catalog/92352125/detail.aspx
231,https://www.wildberries.ru/catalog/11844159/detail.aspx
232,https://www.wildberries.ru/catalog/46024027/detail.aspx
233,https://www.wildberries.ru/catalog/66102362/detail.aspx
234,https://www.wildberries.ru/catalog/38299481/detail.aspx
235,https://www.wildberries.ru/catalog/37940375/detail.aspx
236,https://www.wildberries.ru/catalog/76874270/detail.aspx
237,https://www.wildberries.ru/catalog/11775979/detail.aspx
238,https://www.wildberries.ru/catalog/71645625/detail.aspx
239,https://www.wildberries.ru/catalog/15894153/detail.aspx
240,https://www.wildberries.ru/catalog/18397357/detail.aspx
241,https://www.wildberries.ru/catalog/45019501/detail.aspx
242,https://www.wildberries.ru/catalog/2889127/detail.aspx
243,https://www.wildberries.ru/catalog/34846205/detail.aspx
244,https://www.wildberries.ru/catalog/35419686/detail.aspx
245,https://www.wildberries.ru/catalog/21301735/detail.aspx
246,https://www.wildberries.ru/catalog/33225512/detail.aspx
247,https://www.wildberries.ru/catalog/34269342/detail.aspx
248,https://www.wildberries.ru/catalog/30388540/detail.aspx
249,https://www.wildberries.ru/catalog/19349994/detail.aspx
250,https://www.wildberries.ru/catalog/7223753/detail.aspx
251,https://www.wildberries.ru/catalog/28764493/detail.aspx
252,https://www.wildberries.ru/catalog/6468992/detail.aspx
253,https://www.wildberries.ru/catalog/12809224/detail.aspx
254,https://www.wildberries.ru/catalog/18968144/detail.aspx
255,https://www.wildberries.ru/catalog/43376901/detail.aspx
256,https://www.wildberries.ru/catalog/16844709/detail.aspx
257,https://www.wildberries.ru/catalog/12846650/detail.aspx
258,https://www.wildberries.ru/catalog/38743129/detail.aspx
259,https://www.wildberries.ru/catalog/13404043/detail.aspx
260,https://www.wildberries.ru/catalog/34254826/detail.aspx
261,https://www.wildberries.ru/catalog/6467872/detail.aspx
262,https://www.wildberries.ru/catalog/46111644/detail.aspx
263,https://www.wildberries.ru/catalog/43390447/detail.aspx
264,https://www.wildberries.ru/catalog/32731427/detail.aspx
265,https://www.wildberries.ru/catalog/41913685/detail.aspx
266,https://www.wildberries.ru/catalog/13074632/detail.aspx
267,https://www.wildberries.ru/catalog/14932868/detail.aspx
268,https://www.wildberries.ru/catalog/8136828/detail.aspx
269,https://www.wildberries.ru/catalog/28969714/detail.aspx
270,https://www.wildberries.ru/catalog/87265249/detail.aspx
271,https://www.wildberries.ru/catalog/18708276/detail.aspx
272,https://www.wildberries.ru/catalog/74205941/detail.aspx
273,https://www.wildberries.ru/catalog/14328257/detail.aspx
274,https://www.wildberries.ru/catalog/44663064/detail.aspx
275,https://www.wildberries.ru/catalog/30925326/detail.aspx
276,https://www.wildberries.ru/catalog/57868505/detail.aspx
277,https://www.wildberries.ru/catalog/28976379/detail.aspx
278,https://www.wildberries.ru/catalog/7004594/detail.aspx
279,https://www.wildberries.ru/catalog/11510798/detail.aspx
280,https://www.wildberries.ru/catalog/13111716/detail.aspx
281,https://www.wildberries.ru/catalog/17248905/detail.aspx
282,https://www.wildberries.ru/catalog/15266842/detail.aspx
283,https://www.wildberries.ru/catalog/40556411/detail.aspx
284,https://www.wildberries.ru/catalog/37976052/detail.aspx
285,https://www.wildberries.ru/catalog/9962693/detail.aspx
286,https://www.wildberries.ru/catalog/26477416/detail.aspx
287,https://www.wildberries.ru/catalog/71645626/detail.aspx
288,https://www.wildberries.ru/catalog/13558070/detail.aspx
289,https://www.wildberries.ru/catalog/17444574/detail.aspx
290,https://www.wildberries.ru/catalog/28951035/detail.aspx
291,https://www.wildberries.ru/catalog/11419748/detail.aspx
292,https://www.wildberries.ru/catalog/14328256/detail.aspx
293,https://www.wildberries.ru/catalog/18920897/detail.aspx
294,https://www.wildberries.ru/catalog/41458861/detail.aspx
295,https://www.wildberries.ru/catalog/7280623/detail.aspx
296,https://www.wildberries.ru/catalog/3371368/detail.aspx
297,https://www.wildberries.ru/catalog/49127056/detail.aspx
298,https://www.wildberries.ru/catalog/35607953/detail.aspx
299,https://www.wildberries.ru/catalog/51244403/detail.aspx
300,https://www.wildberries.ru/catalog/28300359/detail.aspx
301,https://www.wildberries.ru/catalog/39346817/detail.aspx
302,https://www.wildberries.ru/catalog/48045984/detail.aspx
303,https://www.wildberries.ru/catalog/24554951/detail.aspx
304,https://www.wildberries.ru/catalog/39872967/detail.aspx
305,https://www.wildberries.ru/catalog/29276626/detail.aspx
306,https://www.wildberries.ru/catalog/50305683/detail.aspx
307,https://www.wildberries.ru/catalog/20941817/detail.aspx
308,https://www.wildberries.ru/catalog/12875986/detail.aspx
309,https://www.wildberries.ru/catalog/8201877/detail.aspx
310,https://www.wildberries.ru/catalog/16980265/detail.aspx
311,https://www.wildberries.ru/catalog/39346191/detail.aspx
312,https://www.wildberries.ru/catalog/17301349/detail.aspx
313,https://www.wildberries.ru/catalog/48945852/detail.aspx
314,https://www.wildberries.ru/catalog/15894154/detail.aspx
315,https://www.wildberries.ru/catalog/18678604/detail.aspx
316,https://www.wildberries.ru/catalog/7776184/detail.aspx
317,https://www.wildberries.ru/catalog/30021830/detail.aspx
318,https://www.wildberries.ru/catalog/14694303/detail.aspx
319,https://www.wildberries.ru/catalog/50861388/detail.aspx
320,https://www.wildberries.ru/catalog/14027087/detail.aspx
321,https://www.wildberries.ru/catalog/50861387/detail.aspx
322,https://www.wildberries.ru/catalog/9877894/detail.aspx
323,https://www.wildberries.ru/catalog/16464237/detail.aspx
324,https://www.wildberries.ru/catalog/14694306/detail.aspx
325,https://www.wildberries.ru/catalog/40704671/detail.aspx
326,https://www.wildberries.ru/catalog/34768037/detail.aspx
327,https://www.wildberries.ru/catalog/10784156/detail.aspx
328,https://www.wildberries.ru/catalog/14694304/detail.aspx
329,https://www.wildberries.ru/catalog/41912906/detail.aspx
330,https://www.wildberries.ru/catalog/19289226/detail.aspx
331,https://www.wildberries.ru/catalog/40905699/detail.aspx
332,https://www.wildberries.ru/catalog/12012776/detail.aspx
333,https://www.wildberries.ru/catalog/33544730/detail.aspx
334,https://www.wildberries.ru/catalog/21301733/detail.aspx
335,https://www.wildberries.ru/catalog/91885102/detail.aspx
336,https://www.wildberries.ru/catalog/67007487/detail.aspx
337,https://www.wildberries.ru/catalog/51399128/detail.aspx
338,https://www.wildberries.ru/catalog/18491124/detail.aspx
339,https://www.wildberries.ru/catalog/17126167/detail.aspx
340,https://www.wildberries.ru/catalog/30415200/detail.aspx
341,https://www.wildberries.ru/catalog/72847287/detail.aspx
342,https://www.wildberries.ru/catalog/35475721/detail.aspx
343,https://www.wildberries.ru/catalog/32671455/detail.aspx
344,https://www.wildberries.ru/catalog/63559908/detail.aspx
345,https://www.wildberries.ru/catalog/17539630/detail.aspx
346,https://www.wildberries.ru/catalog/28305110/detail.aspx
347,https://www.wildberries.ru/catalog/8659259/detail.aspx
348,https://www.wildberries.ru/catalog/72787140/detail.aspx
349,https://www.wildberries.ru/catalog/15710000/detail.aspx
350,https://www.wildberries.ru/catalog/62666842/detail.aspx
351,https://www.wildberries.ru/catalog/26484608/detail.aspx
352,https://www.wildberries.ru/catalog/19247095/detail.aspx
353,https://www.wildberries.ru/catalog/37989840/detail.aspx
354,https://www.wildberries.ru/catalog/57459204/detail.aspx
355,https://www.wildberries.ru/catalog/11300013/detail.aspx
356,https://www.wildberries.ru/catalog/40411743/detail.aspx
357,https://www.wildberries.ru/catalog/10414178/detail.aspx
358,https://www.wildberries.ru/catalog/70565508/detail.aspx
359,https://www.wildberries.ru/catalog/21448546/detail.aspx
360,https://www.wildberries.ru/catalog/16846043/detail.aspx
361,https://www.wildberries.ru/catalog/18145773/detail.aspx
362,https://www.wildberries.ru/catalog/8204797/detail.aspx
363,https://www.wildberries.ru/catalog/6468990/detail.aspx
364,https://www.wildberries.ru/catalog/20867152/detail.aspx
365,https://www.wildberries.ru/catalog/46050658/detail.aspx
366,https://www.wildberries.ru/catalog/18979406/detail.aspx
367,https://www.wildberries.ru/catalog/19675230/detail.aspx
368,https://www.wildberries.ru/catalog/13485274/detail.aspx
369,https://www.wildberries.ru/catalog/36119781/detail.aspx
370,https://www.wildberries.ru/catalog/68974575/detail.aspx
371,https://www.wildberries.ru/catalog/7965847/detail.aspx
372,https://www.wildberries.ru/catalog/16511009/detail.aspx
373,https://www.wildberries.ru/catalog/11121089/detail.aspx
374,https://www.wildberries.ru/catalog/6546267/detail.aspx
375,https://www.wildberries.ru/catalog/7280622/detail.aspx
376,https://www.wildberries.ru/catalog/5524086/detail.aspx
377,https://www.wildberries.ru/catalog/12594423/detail.aspx
378,https://www.wildberries.ru/catalog/33406745/detail.aspx
379,https://www.wildberries.ru/catalog/17301348/detail.aspx
380,https://www.wildberries.ru/catalog/110018583/detail.aspx
381,https://www.wildberries.ru/catalog/32670020/detail.aspx
382,https://www.wildberries.ru/catalog/18397356/detail.aspx
383,https://www.wildberries.ru/catalog/49180230/detail.aspx
384,https://www.wildberries.ru/catalog/11398798/detail.aspx
385,https://www.wildberries.ru/catalog/25716501/detail.aspx
386,https://www.wildberries.ru/catalog/29651137/detail.aspx
387,https://www.wildberries.ru/catalog/42212446/detail.aspx
388,https://www.wildberries.ru/catalog/64145223/detail.aspx
389,https://www.wildberries.ru/catalog/65990186/detail.aspx
390,https://www.wildberries.ru/catalog/90185171/detail.aspx
391,https://www.wildberries.ru/catalog/40757164/detail.aspx
392,https://www.wildberries.ru/catalog/41089536/detail.aspx
393,https://www.wildberries.ru/catalog/26298351/detail.aspx
394,https://www.wildberries.ru/catalog/59337516/detail.aspx
395,https://www.wildberries.ru/catalog/50228590/detail.aspx
396,https://www.wildberries.ru/catalog/38785519/detail.aspx
397,https://www.wildberries.ru/catalog/30329693/detail.aspx
398,https://www.wildberries.ru/catalog/67977375/detail.aspx
399,https://www.wildberries.ru/catalog/71655032/detail.aspx
400,https://www.wildberries.ru/catalog/23165482/detail.aspx
401,https://www.wildberries.ru/catalog/48878285/detail.aspx
402,https://www.wildberries.ru/catalog/58147150/detail.aspx
403,https://www.wildberries.ru/catalog/33192217/detail.aspx
404,https://www.wildberries.ru/catalog/59618479/detail.aspx
405,https://www.wildberries.ru/catalog/50843631/detail.aspx
406,https://www.wildberries.ru/catalog/18496034/detail.aspx
407,https://www.wildberries.ru/catalog/11844158/detail.aspx
408,https://www.wildberries.ru/catalog/57936522/detail.aspx
409,https://www.wildberries.ru/catalog/5643092/detail.aspx
410,https://www.wildberries.ru/catalog/43400883/detail.aspx
411,https://www.wildberries.ru/catalog/29651136/detail.aspx
412,https://www.wildberries.ru/catalog/38782986/detail.aspx
413,https://www.wildberries.ru/catalog/41508762/detail.aspx
414,https://www.wildberries.ru/catalog/32373837/detail.aspx
415,https://www.wildberries.ru/catalog/14522966/detail.aspx
416,https://www.wildberries.ru/catalog/11026668/detail.aspx
417,https://www.wildberries.ru/catalog/96379345/detail.aspx
418,https://www.wildberries.ru/catalog/48263967/detail.aspx
419,https://www.wildberries.ru/catalog/12012781/detail.aspx
420,https://www.wildberries.ru/catalog/25670137/detail.aspx
421,https://www.wildberries.ru/catalog/70075183/detail.aspx
422,https://www.wildberries.ru/catalog/40562168/detail.aspx
423,https://www.wildberries.ru/catalog/45580682/detail.aspx
424,https://www.wildberries.ru/catalog/15710001/detail.aspx
425,https://www.wildberries.ru/catalog/40562169/detail.aspx
426,https://www.wildberries.ru/catalog/18145772/detail.aspx
427,https://www.wildberries.ru/catalog/30387692/detail.aspx
428,https://www.wildberries.ru/catalog/40411742/detail.aspx
429,https://www.wildberries.ru/catalog/71453157/detail.aspx
430,https://www.wildberries.ru/catalog/8824776/detail.aspx
431,https://www.wildberries.ru/catalog/59607212/detail.aspx
432,https://www.wildberries.ru/catalog/13877985/detail.aspx
433,https://www.wildberries.ru/catalog/11171799/detail.aspx
434,https://www.wildberries.ru/catalog/59636025/detail.aspx
435,https://www.wildberries.ru/catalog/15539651/detail.aspx
436,https://www.wildberries.ru/catalog/72825120/detail.aspx
437,https://www.wildberries.ru/catalog/43854941/detail.aspx
438,https://www.wildberries.ru/catalog/40558022/detail.aspx
439,https://www.wildberries.ru/catalog/35474071/detail.aspx
440,https://www.wildberries.ru/catalog/20870073/detail.aspx
441,https://www.wildberries.ru/catalog/30415199/detail.aspx
442,https://www.wildberries.ru/catalog/37984497/detail.aspx
443,https://www.wildberries.ru/catalog/12018910/detail.aspx
444,https://www.wildberries.ru/catalog/17839417/detail.aspx
445,https://www.wildberries.ru/catalog/13567737/detail.aspx
446,https://www.wildberries.ru/catalog/38299480/detail.aspx
447,https://www.wildberries.ru/catalog/44756925/detail.aspx
448,https://www.wildberries.ru/catalog/94983837/detail.aspx
449,https://www.wildberries.ru/catalog/41508805/detail.aspx
450,https://www.wildberries.ru/catalog/66960866/detail.aspx
451,https://www.wildberries.ru/catalog/42597674/detail.aspx
452,https://www.wildberries.ru/catalog/28874839/detail.aspx
453,https://www.wildberries.ru/catalog/61167887/detail.aspx
454,https://www.wildberries.ru/catalog/16626703/detail.aspx
455,https://www.wildberries.ru/catalog/25088464/detail.aspx
456,https://www.wildberries.ru/catalog/11058521/detail.aspx
457,https://www.wildberries.ru/catalog/8013941/detail.aspx
458,https://www.wildberries.ru/catalog/16464236/detail.aspx
459,https://www.wildberries.ru/catalog/4332866/detail.aspx
460,https://www.wildberries.ru/catalog/28764494/detail.aspx
461,https://www.wildberries.ru/catalog/61397550/detail.aspx
462,https://www.wildberries.ru/catalog/36097102/detail.aspx
463,https://www.wildberries.ru/catalog/92135883/detail.aspx
464,https://www.wildberries.ru/catalog/32670581/detail.aspx
465,https://www.wildberries.ru/catalog/13646003/detail.aspx
466,https://www.wildberries.ru/catalog/10859057/detail.aspx
467,https://www.wildberries.ru/catalog/40709005/detail.aspx
468,https://www.wildberries.ru/catalog/13088637/detail.aspx
469,https://www.wildberries.ru/catalog/16279874/detail.aspx
470,https://www.wildberries.ru/catalog/19457170/detail.aspx
471,https://www.wildberries.ru/catalog/108157395/detail.aspx
472,https://www.wildberries.ru/catalog/22269948/detail.aspx
473,https://www.wildberries.ru/catalog/57937988/detail.aspx
474,https://www.wildberries.ru/catalog/7966335/detail.aspx
475,https://www.wildberries.ru/catalog/51236569/detail.aspx
476,https://www.wildberries.ru/catalog/71660095/detail.aspx
477,https://www.wildberries.ru/catalog/19454672/detail.aspx
478,https://www.wildberries.ru/catalog/40558023/detail.aspx
479,https://www.wildberries.ru/catalog/16767346/detail.aspx
480,https://www.wildberries.ru/catalog/43854942/detail.aspx
481,https://www.wildberries.ru/catalog/11398796/detail.aspx
482,https://www.wildberries.ru/catalog/7718642/detail.aspx
483,https://www.wildberries.ru/catalog/67014693/detail.aspx
484,https://www.wildberries.ru/catalog/54669946/detail.aspx
485,https://www.wildberries.ru/catalog/32676118/detail.aspx
486,https://www.wildberries.ru/catalog/70231119/detail.aspx
487,https://www.wildberries.ru/catalog/18979419/detail.aspx
488,https://www.wildberries.ru/catalog/28741649/detail.aspx
489,https://www.wildberries.ru/catalog/70466166/detail.aspx
490,https://www.wildberries.ru/catalog/21244857/detail.aspx
491,https://www.wildberries.ru/catalog/5643099/detail.aspx
492,https://www.wildberries.ru/catalog/42130803/detail.aspx
493,https://www.wildberries.ru/catalog/41508764/detail.aspx
494,https://www.wildberries.ru/catalog/79665026/detail.aspx
495,https://www.wildberries.ru/catalog/96379344/detail.aspx
496,https://www.wildberries.ru/catalog/16300854/detail.aspx
497,https://www.wildberries.ru/catalog/52453039/detail.aspx
498,https://www.wildberries.ru/catalog/48845307/detail.aspx
499,https://www.wildberries.ru/catalog/72709261/detail.aspx
500,https://www.wildberries.ru/catalog/32668395/detail.aspx
501,https://www.wildberries.ru/catalog/70075184/detail.aspx
502,https://www.wildberries.ru/catalog/19505630/detail.aspx
503,https://www.wildberries.ru/catalog/11086908/detail.aspx
504,https://www.wildberries.ru/catalog/51883444/detail.aspx
505,https://www.wildberries.ru/catalog/44871693/detail.aspx
506,https://www.wildberries.ru/catalog/28740677/detail.aspx
507,https://www.wildberries.ru/catalog/11844305/detail.aspx
508,https://www.wildberries.ru/catalog/58050096/detail.aspx
509,https://www.wildberries.ru/catalog/25996107/detail.aspx
510,https://www.wildberries.ru/catalog/40723290/detail.aspx
511,https://www.wildberries.ru/catalog/33184097/detail.aspx
512,https://www.wildberries.ru/catalog/8622661/detail.aspx
513,https://www.wildberries.ru/catalog/96379347/detail.aspx
514,https://www.wildberries.ru/catalog/41508763/detail.aspx
515,https://www.wildberries.ru/catalog/72219668/detail.aspx
516,https://www.wildberries.ru/catalog/54219825/detail.aspx
517,https://www.wildberries.ru/catalog/54764541/detail.aspx
518,https://www.wildberries.ru/catalog/11598962/detail.aspx
519,https://www.wildberries.ru/catalog/36384276/detail.aspx
520,https://www.wildberries.ru/catalog/16601790/detail.aspx
521,https://www.wildberries.ru/catalog/40534352/detail.aspx
522,https://www.wildberries.ru/catalog/18116169/detail.aspx
523,https://www.wildberries.ru/catalog/22865919/detail.aspx
524,https://www.wildberries.ru/catalog/81333733/detail.aspx
525,https://www.wildberries.ru/catalog/45029578/detail.aspx
526,https://www.wildberries.ru/catalog/41215671/detail.aspx
527,https://www.wildberries.ru/catalog/7593076/detail.aspx
528,https://www.wildberries.ru/catalog/34243227/detail.aspx
529,https://www.wildberries.ru/catalog/15329028/detail.aspx
530,https://www.wildberries.ru/catalog/50391827/detail.aspx
531,https://www.wildberries.ru/catalog/15710477/detail.aspx
532,https://www.wildberries.ru/catalog/34736393/detail.aspx
533,https://www.wildberries.ru/catalog/15285734/detail.aspx
534,https://www.wildberries.ru/catalog/37856033/detail.aspx
535,https://www.wildberries.ru/catalog/19544890/detail.aspx
536,https://www.wildberries.ru/catalog/10269791/detail.aspx
537,https://www.wildberries.ru/catalog/16326904/detail.aspx
538,https://www.wildberries.ru/catalog/18921669/detail.aspx
539,https://www.wildberries.ru/catalog/18883163/detail.aspx
540,https://www.wildberries.ru/catalog/18890923/detail.aspx
541,https://www.wildberries.ru/catalog/60585830/detail.aspx
542,https://www.wildberries.ru/catalog/27814917/detail.aspx
543,https://www.wildberries.ru/catalog/28957788/detail.aspx
544,https://www.wildberries.ru/catalog/46020902/detail.aspx
545,https://www.wildberries.ru/catalog/33406743/detail.aspx
546,https://www.wildberries.ru/catalog/81341193/detail.aspx
547,https://www.wildberries.ru/catalog/11398797/detail.aspx
548,https://www.wildberries.ru/catalog/14888151/detail.aspx
549,https://www.wildberries.ru/catalog/28648605/detail.aspx
550,https://www.wildberries.ru/catalog/88626064/detail.aspx
551,https://www.wildberries.ru/catalog/11419749/detail.aspx
552,https://www.wildberries.ru/catalog/14694305/detail.aspx
553,https://www.wildberries.ru/catalog/122324033/detail.aspx
554,https://www.wildberries.ru/catalog/17007915/detail.aspx
555,https://www.wildberries.ru/catalog/36357031/detail.aspx
556,https://www.wildberries.ru/catalog/17007904/detail.aspx
557,https://www.wildberries.ru/catalog/28874838/detail.aspx
558,https://www.wildberries.ru/catalog/75166299/detail.aspx
559,https://www.wildberries.ru/catalog/11058522/detail.aspx
560,https://www.wildberries.ru/catalog/66541381/detail.aspx
561,https://www.wildberries.ru/catalog/28871309/detail.aspx
562,https://www.wildberries.ru/catalog/18660445/detail.aspx
563,https://www.wildberries.ru/catalog/24830391/detail.aspx
564,https://www.wildberries.ru/catalog/74033499/detail.aspx
565,https://www.wildberries.ru/catalog/14640144/detail.aspx
566,https://www.wildberries.ru/catalog/36470366/detail.aspx
567,https://www.wildberries.ru/catalog/19063646/detail.aspx
568,https://www.wildberries.ru/catalog/57967503/detail.aspx
569,https://www.wildberries.ru/catalog/70289376/detail.aspx
570,https://www.wildberries.ru/catalog/60617162/detail.aspx
571,https://www.wildberries.ru/catalog/12872624/detail.aspx
572,https://www.wildberries.ru/catalog/117805382/detail.aspx
573,https://www.wildberries.ru/catalog/87038652/detail.aspx
574,https://www.wildberries.ru/catalog/24694801/detail.aspx
575,https://www.wildberries.ru/catalog/75223524/detail.aspx
576,https://www.wildberries.ru/catalog/24830389/detail.aspx
577,https://www.wildberries.ru/catalog/11916536/detail.aspx
578,https://www.wildberries.ru/catalog/24830406/detail.aspx
579,https://www.wildberries.ru/catalog/39736838/detail.aspx
580,https://www.wildberries.ru/catalog/8013844/detail.aspx
581,https://www.wildberries.ru/catalog/132775532/detail.aspx
582,https://www.wildberries.ru/catalog/36357030/detail.aspx
583,https://www.wildberries.ru/catalog/10480858/detail.aspx
584,https://www.wildberries.ru/catalog/29740927/detail.aspx
585,https://www.wildberries.ru/catalog/72828131/detail.aspx
586,https://www.wildberries.ru/catalog/70466167/detail.aspx
587,https://www.wildberries.ru/catalog/29094709/detail.aspx
588,https://www.wildberries.ru/catalog/50228589/detail.aspx
589,https://www.wildberries.ru/catalog/34155541/detail.aspx
590,https://www.wildberries.ru/catalog/24272523/detail.aspx
591,https://www.wildberries.ru/catalog/35911141/detail.aspx
592,https://www.wildberries.ru/catalog/73177153/detail.aspx
593,https://www.wildberries.ru/catalog/24830387/detail.aspx
594,https://www.wildberries.ru/catalog/51387946/detail.aspx
595,https://www.wildberries.ru/catalog/14160755/detail.aspx
596,https://www.wildberries.ru/catalog/19681457/detail.aspx
597,https://www.wildberries.ru/catalog/9219814/detail.aspx
598,https://www.wildberries.ru/catalog/34752465/detail.aspx
599,https://www.wildberries.ru/catalog/70288179/detail.aspx
600,https://www.wildberries.ru/catalog/31294143/detail.aspx
601,https://www.wildberries.ru/catalog/19675231/detail.aspx
602,https://www.wildberries.ru/catalog/62640266/detail.aspx
603,https://www.wildberries.ru/catalog/36365783/detail.aspx
604,https://www.wildberries.ru/catalog/17539635/detail.aspx
605,https://www.wildberries.ru/catalog/35911142/detail.aspx
606,https://www.wildberries.ru/catalog/24830390/detail.aspx
607,https://www.wildberries.ru/catalog/35072106/detail.aspx
608,https://www.wildberries.ru/catalog/98808091/detail.aspx
609,https://www.wildberries.ru/catalog/48751991/detail.aspx
610,https://www.wildberries.ru/catalog/13646002/detail.aspx
611,https://www.wildberries.ru/catalog/61167886/detail.aspx
612,https://www.wildberries.ru/catalog/52455802/detail.aspx
613,https://www.wildberries.ru/catalog/50278608/detail.aspx
614,https://www.wildberries.ru/catalog/13074630/detail.aspx
615,https://www.wildberries.ru/catalog/51540847/detail.aspx
616,https://www.wildberries.ru/catalog/18576304/detail.aspx
617,https://www.wildberries.ru/catalog/66541840/detail.aspx
618,https://www.wildberries.ru/catalog/11643838/detail.aspx
619,https://www.wildberries.ru/catalog/19351028/detail.aspx
620,https://www.wildberries.ru/catalog/57464139/detail.aspx
621,https://www.wildberries.ru/catalog/44671455/detail.aspx
622,https://www.wildberries.ru/catalog/14640143/detail.aspx
623,https://www.wildberries.ru/catalog/21361802/detail.aspx
624,https://www.wildberries.ru/catalog/33760173/detail.aspx
625,https://www.wildberries.ru/catalog/73032945/detail.aspx
626,https://www.wildberries.ru/catalog/75476301/detail.aspx
627,https://www.wildberries.ru/catalog/119262538/detail.aspx
628,https://www.wildberries.ru/catalog/48685059/detail.aspx
629,https://www.wildberries.ru/catalog/24830385/detail.aspx
630,https://www.wildberries.ru/catalog/24830384/detail.aspx
631,https://www.wildberries.ru/catalog/18130329/detail.aspx
632,https://www.wildberries.ru/catalog/11171800/detail.aspx
633,https://www.wildberries.ru/catalog/74486299/detail.aspx
634,https://www.wildberries.ru/catalog/40068221/detail.aspx
635,https://www.wildberries.ru/catalog/26014319/detail.aspx
636,https://www.wildberries.ru/catalog/44738337/detail.aspx
637,https://www.wildberries.ru/catalog/91033268/detail.aspx
638,https://www.wildberries.ru/catalog/53432900/detail.aspx
639,https://www.wildberries.ru/catalog/59923707/detail.aspx
640,https://www.wildberries.ru/catalog/133447912/detail.aspx
641,https://www.wildberries.ru/catalog/26766385/detail.aspx
642,https://www.wildberries.ru/catalog/63566961/detail.aspx
643,https://www.wildberries.ru/catalog/25407488/detail.aspx
644,https://www.wildberries.ru/catalog/22273698/detail.aspx
645,https://www.wildberries.ru/catalog/19347758/detail.aspx
646,https://www.wildberries.ru/catalog/5742090/detail.aspx
647,https://www.wildberries.ru/catalog/46025189/detail.aspx
648,https://www.wildberries.ru/catalog/72847286/detail.aspx
649,https://www.wildberries.ru/catalog/79601302/detail.aspx
650,https://www.wildberries.ru/catalog/80088051/detail.aspx
651,https://www.wildberries.ru/catalog/62843489/detail.aspx
652,https://www.wildberries.ru/catalog/38080586/detail.aspx
653,https://www.wildberries.ru/catalog/36355238/detail.aspx
654,https://www.wildberries.ru/catalog/33760175/detail.aspx
655,https://www.wildberries.ru/catalog/16320317/detail.aspx
656,https://www.wildberries.ru/catalog/17187139/detail.aspx
657,https://www.wildberries.ru/catalog/88626063/detail.aspx
658,https://www.wildberries.ru/catalog/48973477/detail.aspx
659,https://www.wildberries.ru/catalog/4484519/detail.aspx
660,https://www.wildberries.ru/catalog/59607336/detail.aspx
661,https://www.wildberries.ru/catalog/64739032/detail.aspx
662,https://www.wildberries.ru/catalog/48864938/detail.aspx
663,https://www.wildberries.ru/catalog/98495494/detail.aspx
664,https://www.wildberries.ru/catalog/15114926/detail.aspx
665,https://www.wildberries.ru/catalog/42679043/detail.aspx
666,https://www.wildberries.ru/catalog/42628035/detail.aspx
667,https://www.wildberries.ru/catalog/33478026/detail.aspx
668,https://www.wildberries.ru/catalog/53277484/detail.aspx
669,https://www.wildberries.ru/catalog/35072105/detail.aspx
670,https://www.wildberries.ru/catalog/11086907/detail.aspx
671,https://www.wildberries.ru/catalog/65694191/detail.aspx
672,https://www.wildberries.ru/catalog/66988511/detail.aspx
673,https://www.wildberries.ru/catalog/77801556/detail.aspx
674,https://www.wildberries.ru/catalog/50291620/detail.aspx
675,https://www.wildberries.ru/catalog/57868506/detail.aspx
676,https://www.wildberries.ru/catalog/37853295/detail.aspx
677,https://www.wildberries.ru/catalog/32880327/detail.aspx
678,https://www.wildberries.ru/catalog/67977374/detail.aspx
679,https://www.wildberries.ru/catalog/70476860/detail.aspx
680,https://www.wildberries.ru/catalog/17267518/detail.aspx
681,https://www.wildberries.ru/catalog/17187145/detail.aspx
682,https://www.wildberries.ru/catalog/59607337/detail.aspx
683,https://www.wildberries.ru/catalog/73032944/detail.aspx
684,https://www.wildberries.ru/catalog/8013842/detail.aspx
685,https://www.wildberries.ru/catalog/81317279/detail.aspx
686,https://www.wildberries.ru/catalog/38690047/detail.aspx
687,https://www.wildberries.ru/catalog/4376619/detail.aspx
688,https://www.wildberries.ru/catalog/36352429/detail.aspx
689,https://www.wildberries.ru/catalog/42885254/detail.aspx
690,https://www.wildberries.ru/catalog/8086507/detail.aspx
691,https://www.wildberries.ru/catalog/72827546/detail.aspx
692,https://www.wildberries.ru/catalog/50300259/detail.aspx
693,https://www.wildberries.ru/catalog/108157396/detail.aspx
694,https://www.wildberries.ru/catalog/15894155/detail.aspx
695,https://www.wildberries.ru/catalog/59291520/detail.aspx
696,https://www.wildberries.ru/catalog/24830388/detail.aspx
697,https://www.wildberries.ru/catalog/28765080/detail.aspx
698,https://www.wildberries.ru/catalog/65796498/detail.aspx
699,https://www.wildberries.ru/catalog/102485863/detail.aspx
700,https://www.wildberries.ru/catalog/33493095/detail.aspx
701,https://www.wildberries.ru/catalog/18979401/detail.aspx
702,https://www.wildberries.ru/catalog/25705876/detail.aspx
703,https://www.wildberries.ru/catalog/27725788/detail.aspx
704,https://www.wildberries.ru/catalog/18128968/detail.aspx
705,https://www.wildberries.ru/catalog/21472020/detail.aspx
706,https://www.wildberries.ru/catalog/16021570/detail.aspx
707,https://www.wildberries.ru/catalog/36567426/detail.aspx
708,https://www.wildberries.ru/catalog/62666843/detail.aspx
709,https://www.wildberries.ru/catalog/71354070/detail.aspx
710,https://www.wildberries.ru/catalog/35162834/detail.aspx
711,https://www.wildberries.ru/catalog/31937730/detail.aspx
712,https://www.wildberries.ru/catalog/12819129/detail.aspx
713,https://www.wildberries.ru/catalog/57936520/detail.aspx
714,https://www.wildberries.ru/catalog/16846042/detail.aspx
715,https://www.wildberries.ru/catalog/7414012/detail.aspx
716,https://www.wildberries.ru/catalog/43827802/detail.aspx
717,https://www.wildberries.ru/catalog/12639160/detail.aspx
718,https://www.wildberries.ru/catalog/64984070/detail.aspx
719,https://www.wildberries.ru/catalog/38519257/detail.aspx
720,https://www.wildberries.ru/catalog/39736837/detail.aspx
721,https://www.wildberries.ru/catalog/52463968/detail.aspx
722,https://www.wildberries.ru/catalog/70209433/detail.aspx
723,https://www.wildberries.ru/catalog/67025687/detail.aspx
724,https://www.wildberries.ru/catalog/71652419/detail.aspx
725,https://www.wildberries.ru/catalog/52482147/detail.aspx
726,https://www.wildberries.ru/catalog/14029181/detail.aspx
727,https://www.wildberries.ru/catalog/31294142/detail.aspx
728,https://www.wildberries.ru/catalog/31294144/detail.aspx
729,https://www.wildberries.ru/catalog/114193404/detail.aspx
730,https://www.wildberries.ru/catalog/11475757/detail.aspx
731,https://www.wildberries.ru/catalog/111427973/detail.aspx
732,https://www.wildberries.ru/catalog/17170001/detail.aspx
733,https://www.wildberries.ru/catalog/48940515/detail.aspx
734,https://www.wildberries.ru/catalog/15610606/detail.aspx
735,https://www.wildberries.ru/catalog/18946871/detail.aspx
736,https://www.wildberries.ru/catalog/24830386/detail.aspx
737,https://www.wildberries.ru/catalog/59343627/detail.aspx
738,https://www.wildberries.ru/catalog/62601183/detail.aspx
739,https://www.wildberries.ru/catalog/8527044/detail.aspx
740,https://www.wildberries.ru/catalog/74413367/detail.aspx
741,https://www.wildberries.ru/catalog/50228592/detail.aspx
742,https://www.wildberries.ru/catalog/12696346/detail.aspx
743,https://www.wildberries.ru/catalog/68649309/detail.aspx
744,https://www.wildberries.ru/catalog/35911143/detail.aspx
745,https://www.wildberries.ru/catalog/9260739/detail.aspx
746,https://www.wildberries.ru/catalog/51407578/detail.aspx
747,https://www.wildberries.ru/catalog/17571045/detail.aspx
748,https://www.wildberries.ru/catalog/53536968/detail.aspx
749,https://www.wildberries.ru/catalog/138526394/detail.aspx
750,https://www.wildberries.ru/catalog/74734197/detail.aspx
751,https://www.wildberries.ru/catalog/17909475/detail.aspx
752,https://www.wildberries.ru/catalog/11026669/detail.aspx
753,https://www.wildberries.ru/catalog/97192641/detail.aspx
754,https://www.wildberries.ru/catalog/49468407/detail.aspx
755,https://www.wildberries.ru/catalog/12819133/detail.aspx
756,https://www.wildberries.ru/catalog/70209434/detail.aspx
757,https://www.wildberries.ru/catalog/80014164/detail.aspx
758,https://www.wildberries.ru/catalog/52210138/detail.aspx
759,https://www.wildberries.ru/catalog/11510457/detail.aspx
760,https://www.wildberries.ru/catalog/16324482/detail.aspx
761,https://www.wildberries.ru/catalog/50560345/detail.aspx
762,https://www.wildberries.ru/catalog/36357032/detail.aspx
763,https://www.wildberries.ru/catalog/50843630/detail.aspx
764,https://www.wildberries.ru/catalog/64040687/detail.aspx
765,https://www.wildberries.ru/catalog/47380146/detail.aspx
766,https://www.wildberries.ru/catalog/49453820/detail.aspx
767,https://www.wildberries.ru/catalog/37734268/detail.aspx
768,https://www.wildberries.ru/catalog/50310189/detail.aspx
769,https://www.wildberries.ru/catalog/36567427/detail.aspx
770,https://www.wildberries.ru/catalog/5422898/detail.aspx
771,https://www.wildberries.ru/catalog/34135441/detail.aspx
772,https://www.wildberries.ru/catalog/70485497/detail.aspx
773,https://www.wildberries.ru/catalog/16324483/detail.aspx
774,https://www.wildberries.ru/catalog/58478823/detail.aspx
775,https://www.wildberries.ru/catalog/19247097/detail.aspx
776,https://www.wildberries.ru/catalog/36567438/detail.aspx
777,https://www.wildberries.ru/catalog/17387904/detail.aspx
778,https://www.wildberries.ru/catalog/59320902/detail.aspx
779,https://www.wildberries.ru/catalog/73032951/detail.aspx
780,https://www.wildberries.ru/catalog/29377682/detail.aspx
781,https://www.wildberries.ru/catalog/39049298/detail.aspx
782,https://www.wildberries.ru/catalog/36567437/detail.aspx
783,https://www.wildberries.ru/catalog/9753737/detail.aspx
784,https://www.wildberries.ru/catalog/50560346/detail.aspx
785,https://www.wildberries.ru/catalog/12847477/detail.aspx
786,https://www.wildberries.ru/catalog/33406744/detail.aspx
787,https://www.wildberries.ru/catalog/48059377/detail.aspx
788,https://www.wildberries.ru/catalog/63561043/detail.aspx
789,https://www.wildberries.ru/catalog/26014321/detail.aspx
790,https://www.wildberries.ru/catalog/12296330/detail.aspx
791,https://www.wildberries.ru/catalog/14009613/detail.aspx
792,https://www.wildberries.ru/catalog/91033724/detail.aspx
793,https://www.wildberries.ru/catalog/50346430/detail.aspx
794,https://www.wildberries.ru/catalog/95832642/detail.aspx
795,https://www.wildberries.ru/catalog/57936521/detail.aspx
796,https://www.wildberries.ru/catalog/44798985/detail.aspx
797,https://www.wildberries.ru/catalog/102603232/detail.aspx
798,https://www.wildberries.ru/catalog/111559811/detail.aspx
799,https://www.wildberries.ru/catalog/95004501/detail.aspx
800,https://www.wildberries.ru/catalog/8013843/detail.aspx
801,https://www.wildberries.ru/catalog/15635374/detail.aspx
802,https://www.wildberries.ru/catalog/70491527/detail.aspx
803,https://www.wildberries.ru/catalog/75178930/detail.aspx
804,https://www.wildberries.ru/catalog/44502376/detail.aspx
805,https://www.wildberries.ru/catalog/75274172/detail.aspx
806,https://www.wildberries.ru/catalog/17187146/detail.aspx
807,https://www.wildberries.ru/catalog/91032485/detail.aspx
808,https://www.wildberries.ru/catalog/62804743/detail.aspx
809,https://www.wildberries.ru/catalog/37614717/detail.aspx
810,https://www.wildberries.ru/catalog/41508761/detail.aspx
811,https://www.wildberries.ru/catalog/11916537/detail.aspx
812,https://www.wildberries.ru/catalog/66995062/detail.aspx
813,https://www.wildberries.ru/catalog/14111632/detail.aspx
814,https://www.wildberries.ru/catalog/17007916/detail.aspx
815,https://www.wildberries.ru/catalog/14964070/detail.aspx
816,https://www.wildberries.ru/catalog/35509682/detail.aspx
817,https://www.wildberries.ru/catalog/32962654/detail.aspx
818,https://www.wildberries.ru/catalog/132279994/detail.aspx
819,https://www.wildberries.ru/catalog/60336986/detail.aspx
820,https://www.wildberries.ru/catalog/27207603/detail.aspx
821,https://www.wildberries.ru/catalog/49180231/detail.aspx
822,https://www.wildberries.ru/catalog/35911140/detail.aspx
823,https://www.wildberries.ru/catalog/68974531/detail.aspx
824,https://www.wildberries.ru/catalog/117823383/detail.aspx
825,https://www.wildberries.ru/catalog/33493096/detail.aspx
826,https://www.wildberries.ru/catalog/41508804/detail.aspx
827,https://www.wildberries.ru/catalog/59936658/detail.aspx
828,https://www.wildberries.ru/catalog/48848607/detail.aspx
829,https://www.wildberries.ru/catalog/70466170/detail.aspx
830,https://www.wildberries.ru/catalog/72795243/detail.aspx
831,https://www.wildberries.ru/catalog/34774440/detail.aspx
832,https://www.wildberries.ru/catalog/50310190/detail.aspx
833,https://www.wildberries.ru/catalog/21443219/detail.aspx
834,https://www.wildberries.ru/catalog/83947678/detail.aspx
835,https://www.wildberries.ru/catalog/57210268/detail.aspx
836,https://www.wildberries.ru/catalog/18155041/detail.aspx
837,https://www.wildberries.ru/catalog/91111288/detail.aspx
838,https://www.wildberries.ru/catalog/38363385/detail.aspx
839,https://www.wildberries.ru/catalog/60617161/detail.aspx
840,https://www.wildberries.ru/catalog/18665486/detail.aspx
841,https://www.wildberries.ru/catalog/25084459/detail.aspx
842,https://www.wildberries.ru/catalog/45029035/detail.aspx
843,https://www.wildberries.ru/catalog/11145953/detail.aspx
844,https://www.wildberries.ru/catalog/59291517/detail.aspx
845,https://www.wildberries.ru/catalog/16432218/detail.aspx
846,https://www.wildberries.ru/catalog/36567436/detail.aspx
847,https://www.wildberries.ru/catalog/91842209/detail.aspx
848,https://www.wildberries.ru/catalog/44756926/detail.aspx
849,https://www.wildberries.ru/catalog/12872623/detail.aspx
850,https://www.wildberries.ru/catalog/16980266/detail.aspx
851,https://www.wildberries.ru/catalog/70565507/detail.aspx
852,https://www.wildberries.ru/catalog/62075475/detail.aspx
853,https://www.wildberries.ru/catalog/81328566/detail.aspx
854,https://www.wildberries.ru/catalog/50228593/detail.aspx
855,https://www.wildberries.ru/catalog/18343232/detail.aspx
856,https://www.wildberries.ru/catalog/11145955/detail.aspx
857,https://www.wildberries.ru/catalog/16326905/detail.aspx
858,https://www.wildberries.ru/catalog/19664619/detail.aspx
859,https://www.wildberries.ru/catalog/35911138/detail.aspx
860,https://www.wildberries.ru/catalog/34760744/detail.aspx
861,https://www.wildberries.ru/catalog/59321535/detail.aspx
862,https://www.wildberries.ru/catalog/46283927/detail.aspx
863,https://www.wildberries.ru/catalog/17539632/detail.aspx
864,https://www.wildberries.ru/catalog/76193713/detail.aspx
865,https://www.wildberries.ru/catalog/70471704/detail.aspx
866,https://www.wildberries.ru/catalog/36463000/detail.aspx
867,https://www.wildberries.ru/catalog/37995611/detail.aspx
868,https://www.wildberries.ru/catalog/75476300/detail.aspx
869,https://www.wildberries.ru/catalog/95965677/detail.aspx
870,https://www.wildberries.ru/catalog/35072107/detail.aspx
871,https://www.wildberries.ru/catalog/50228594/detail.aspx
872,https://www.wildberries.ru/catalog/18113192/detail.aspx
873,https://www.wildberries.ru/catalog/93983245/detail.aspx
874,https://www.wildberries.ru/catalog/59291518/detail.aspx
875,https://www.wildberries.ru/catalog/54060170/detail.aspx
876,https://www.wildberries.ru/catalog/46025188/detail.aspx
877,https://www.wildberries.ru/catalog/50347855/detail.aspx
878,https://www.wildberries.ru/catalog/25407484/detail.aspx
879,https://www.wildberries.ru/catalog/33760172/detail.aspx
880,https://www.wildberries.ru/catalog/66063106/detail.aspx
881,https://www.wildberries.ru/catalog/74683281/detail.aspx
882,https://www.wildberries.ru/catalog/36463002/detail.aspx
883,https://www.wildberries.ru/catalog/16767352/detail.aspx
884,https://www.wildberries.ru/catalog/12434645/detail.aspx
885,https://www.wildberries.ru/catalog/34760737/detail.aspx
886,https://www.wildberries.ru/catalog/39749067/detail.aspx
887,https://www.wildberries.ru/catalog/15116878/detail.aspx
888,https://www.wildberries.ru/catalog/45981154/detail.aspx
889,https://www.wildberries.ru/catalog/42679042/detail.aspx
890,https://www.wildberries.ru/catalog/32880330/detail.aspx
891,https://www.wildberries.ru/catalog/102603231/detail.aspx
892,https://www.wildberries.ru/catalog/17248907/detail.aspx
893,https://www.wildberries.ru/catalog/13074629/detail.aspx
894,https://www.wildberries.ru/catalog/83778041/detail.aspx
895,https://www.wildberries.ru/catalog/17539634/detail.aspx
896,https://www.wildberries.ru/catalog/51042463/detail.aspx
897,https://www.wildberries.ru/catalog/130290755/detail.aspx
898,https://www.wildberries.ru/catalog/35509683/detail.aspx
899,https://www.wildberries.ru/catalog/57973494/detail.aspx
900,https://www.wildberries.ru/catalog/103796845/detail.aspx
901,https://www.wildberries.ru/catalog/16129462/detail.aspx
902,https://www.wildberries.ru/catalog/111524679/detail.aspx
903,https://www.wildberries.ru/catalog/33164024/detail.aspx
904,https://www.wildberries.ru/catalog/65148667/detail.aspx
905,https://www.wildberries.ru/catalog/25407486/detail.aspx
906,https://www.wildberries.ru/catalog/35607954/detail.aspx
907,https://www.wildberries.ru/catalog/37714344/detail.aspx
908,https://www.wildberries.ru/catalog/66995061/detail.aspx
909,https://www.wildberries.ru/catalog/60690625/detail.aspx
910,https://www.wildberries.ru/catalog/36364369/detail.aspx
911,https://www.wildberries.ru/catalog/73258445/detail.aspx
912,https://www.wildberries.ru/catalog/35911144/detail.aspx
913,https://www.wildberries.ru/catalog/65148668/detail.aspx
914,https://www.wildberries.ru/catalog/62065718/detail.aspx
915,https://www.wildberries.ru/catalog/17387905/detail.aspx
916,https://www.wildberries.ru/catalog/73758821/detail.aspx
917,https://www.wildberries.ru/catalog/37746349/detail.aspx
918,https://www.wildberries.ru/catalog/132775475/detail.aspx
919,https://www.wildberries.ru/catalog/24611532/detail.aspx
920,https://www.wildberries.ru/catalog/88045123/detail.aspx
921,https://www.wildberries.ru/catalog/75477309/detail.aspx
922,https://www.wildberries.ru/catalog/66484774/detail.aspx
923,https://www.wildberries.ru/catalog/51042465/detail.aspx
924,https://www.wildberries.ru/catalog/61911489/detail.aspx
925,https://www.wildberries.ru/catalog/48852357/detail.aspx
926,https://www.wildberries.ru/catalog/74737113/detail.aspx
927,https://www.wildberries.ru/catalog/64231496/detail.aspx
928,https://www.wildberries.ru/catalog/36357029/detail.aspx
929,https://www.wildberries.ru/catalog/35911139/detail.aspx
930,https://www.wildberries.ru/catalog/17187136/detail.aspx
931,https://www.wildberries.ru/catalog/123815598/detail.aspx
932,https://www.wildberries.ru/catalog/38764017/detail.aspx
933,https://www.wildberries.ru/catalog/25407483/detail.aspx
934,https://www.wildberries.ru/catalog/51583501/detail.aspx
935,https://www.wildberries.ru/catalog/41913423/detail.aspx
936,https://www.wildberries.ru/catalog/90505194/detail.aspx
937,https://www.wildberries.ru/catalog/103476277/detail.aspx
938,https://www.wildberries.ru/catalog/24610531/detail.aspx
939,https://www.wildberries.ru/catalog/59291519/detail.aspx
940,https://www.wildberries.ru/catalog/70466163/detail.aspx
941,https://www.wildberries.ru/catalog/73032950/detail.aspx
942,https://www.wildberries.ru/catalog/122997798/detail.aspx
943,https://www.wildberries.ru/catalog/70702648/detail.aspx
944,https://www.wildberries.ru/catalog/73032946/detail.aspx
945,https://www.wildberries.ru/catalog/36462999/detail.aspx
946,https://www.wildberries.ru/catalog/15890541/detail.aspx
947,https://www.wildberries.ru/catalog/66484775/detail.aspx
948,https://www.wildberries.ru/catalog/17606968/detail.aspx
949,https://www.wildberries.ru/catalog/7072817/detail.aspx
950,https://www.wildberries.ru/catalog/19247096/detail.aspx
951,https://www.wildberries.ru/catalog/26014320/detail.aspx
952,https://www.wildberries.ru/catalog/15470902/detail.aspx
953,https://www.wildberries.ru/catalog/51012834/detail.aspx
954,https://www.wildberries.ru/catalog/41285409/detail.aspx
955,https://www.wildberries.ru/catalog/21443218/detail.aspx
956,https://www.wildberries.ru/catalog/59337517/detail.aspx
957,https://www.wildberries.ru/catalog/32880331/detail.aspx
958,https://www.wildberries.ru/catalog/49467972/detail.aspx
959,https://www.wildberries.ru/catalog/68861596/detail.aspx
960,https://www.wildberries.ru/catalog/88626065/detail.aspx
961,https://www.wildberries.ru/catalog/81753366/detail.aspx
962,https://www.wildberries.ru/catalog/16820082/detail.aspx
963,https://www.wildberries.ru/catalog/99163462/detail.aspx
964,https://www.wildberries.ru/catalog/19675232/detail.aspx
965,https://www.wildberries.ru/catalog/42679041/detail.aspx
966,https://www.wildberries.ru/catalog/77253271/detail.aspx
967,https://www.wildberries.ru/catalog/25951879/detail.aspx
968,https://www.wildberries.ru/catalog/36567435/detail.aspx
969,https://www.wildberries.ru/catalog/126002649/detail.aspx
970,https://www.wildberries.ru/catalog/38080585/detail.aspx
971,https://www.wildberries.ru/catalog/44114756/detail.aspx
972,https://www.wildberries.ru/catalog/12434646/detail.aspx
973,https://www.wildberries.ru/catalog/14705048/detail.aspx
974,https://www.wildberries.ru/catalog/83947677/detail.aspx
975,https://www.wildberries.ru/catalog/8013837/detail.aspx
976,https://www.wildberries.ru/catalog/16980264/detail.aspx
977,https://www.wildberries.ru/catalog/7946445/detail.aspx
978,https://www.wildberries.ru/catalog/130394718/detail.aspx
979,https://www.wildberries.ru/catalog/10422402/detail.aspx
980,https://www.wildberries.ru/catalog/25407487/detail.aspx
981,https://www.wildberries.ru/catalog/5422895/detail.aspx
982,https://www.wildberries.ru/catalog/32962653/detail.aspx
983,https://www.wildberries.ru/catalog/123372398/detail.aspx
984,https://www.wildberries.ru/catalog/42844768/detail.aspx
985,https://www.wildberries.ru/catalog/21600429/detail.aspx
986,https://www.wildberries.ru/catalog/58012769/detail.aspx
987,https://www.wildberries.ru/catalog/72137098/detail.aspx
988,https://www.wildberries.ru/catalog/106806785/detail.aspx
989,https://www.wildberries.ru/catalog/54362811/detail.aspx
990,https://www.wildberries.ru/catalog/66063103/detail.aspx
991,https://www.wildberries.ru/catalog/93983246/detail.aspx
992,https://www.wildberries.ru/catalog/47745453/detail.aspx
993,https://www.wildberries.ru/catalog/73076514/detail.aspx
994,https://www.wildberries.ru/catalog/137541781/detail.aspx
995,https://www.wildberries.ru/catalog/22268556/detail.aspx
996,https://www.wildberries.ru/catalog/76751817/detail.aspx
997,https://www.wildberries.ru/catalog/39437750/detail.aspx
998,https://www.wildberries.ru/catalog/83391198/detail.aspx
999,https://www.wildberries.ru/catalog/37155695/detail.aspx